{"schemaVersion":"1.0","appDefinitionTemplate":{"id":"/providers/Microsoft.PowerApps/apps/","type":"Microsoft.PowerApps/apps","tags":{"minimumRequiredApiVersion":"2.2.0"},"properties":{"appVersion":"2019-10-30T14:01:19Z","lifeCycleId":"Published","createdByClientVersion":{"major":3,"minor":19102,"build":24,"revision":0,"majorRevision":0,"minorRevision":0},"minClientVersion":{"major":3,"minor":19102,"build":24,"revision":0,"majorRevision":0,"minorRevision":0},"backgroundColor":"rgba(81, 92, 107, 1)","backgroundImageUri":"/1755066983903534015/N0f101393-9ee1-4759-b9e6-78560bb45904-logoSmallFile","displayName":"Tailwind Traders - Management","description":"","commitMessage":"","appUris":{"documentUri":{"value":"/1755066983903534015/N6789045b-8cf0-4d7b-9244-ca7619543cf9-document.msapp","readonlyValue":"/1755066983903534015/N6789045b-8cf0-4d7b-9244-ca7619543cf9-document.msapp"},"imageUris":[]},"createdTime":"0001-01-01T00:00:00Z","lastModifiedTime":"0001-01-01T00:00:00Z","sharedGroupsCount":0,"sharedUsersCount":0,"icons":{"smallIconUri":"/1755066983903534015/Nffa0857c-0edd-4627-b000-722f17dc5995-small.png","mediumIconUri":"/1755066983903534015/N332b38a0-736e-47b4-9993-2dcde093b4d4-medium.png","largeIconUri":"/1755066983903534015/Nd8ba4755-b853-499a-a8e7-0790f793980d-large.png","wideIconUri":"/1755066983903534015/N690dc6ed-8bdb-4dd2-80d7-877e6d972168-wide.png"},"connectionReferences":{"d35e6359-ff13-40e0-b136-16bb9a5d13d6":{"id":"150f5b0a-4e20-4d81-a7cd-5e6d96b5dde5","displayName":"TailwindTraders_ShippingMng","iconUri":"https://prodapiicons.cdn.powerappscdn.net/20191016t000000z50cd9cbe9b4346ae8c4d0c75af49194d/customconnectoricon.png","dataSources":["TailwindTraders_ShippingMng"],"dependencies":[],"dependents":[],"parameterHints":{},"isOnPremiseConnection":false,"bypassConsent":false,"dataSets":{},"apiTier":"Standard","isCustomApiConnection":true},"9f99e98b-28c3-4eff-86aa-9799dab7e52e":{"id":"c46d80cc-c089-44d8-bcda-a6dcdaa4b0a2","displayName":"TailwindTraders_UpdateOrder","iconUri":"https://prodapiicons.cdn.powerappscdn.net/20191015t000000zbaf9867fad1c4ca9893b8f2e39a0d78b/customconnectoricon.png","dataSources":["TailwindTraders_UpdateOrder"],"dependencies":[],"dependents":[],"parameterHints":{},"isOnPremiseConnection":false,"bypassConsent":false,"dataSets":{},"apiTier":"Standard","isCustomApiConnection":true}},"databaseReferences":{},"almMode":"Environment","performanceOptimizationEnabled":false},"isAppComponentLibrary":false,"appComponents":[]}}